Transaction ID,Amount,Date,DateNumeric,Anomaly_Score,Explanation
1005,1500.0,2024-03-05,1709596800.0,-1,"While an Anomaly_Score of -1 doesn't inherently indicate fraud (a positive score usually suggests an anomaly), the context provided suggests potential fraudulence due to the transaction amount significantly exceeding the average.

The transaction amount of 1500.0 is substantially higher than the mean transaction amount of 840.00.  Specifically, it's approximately 1.8 times the mean.  Even considering the standard deviation of 498.00, 1500.0 lies considerably beyond a typical range of variation.  This large deviation from the average transaction value is a red flag.

A -1 anomaly score might be indicative of a system that uses a different scoring system from the common 0-10 scale.  A negative score could signify an unusual or significant outlier (negative for something bad).  Without knowing the scoring system in more detail, it is challenging to interpret this value in relation to fraudulence.


**Possible reasons for suspicion based on the data:**

* **Unusual Spending Pattern:** The individual or account involved may have suddenly made a much larger-than-usual transaction. This is a common indicator of fraud, especially if the account's history shows consistently smaller amounts.
* **Account Compromise:** The account might have been compromised, and the fraudster is making a large withdrawal or transfer.
* **Internal Error:** While less likely, a system error might have resulted in an abnormally high transaction amount.  This is less probable given the negative anomaly score.

**Further investigation is crucial to determine if this is truly fraudulent.**  This requires looking at additional data points, such as:

* **Transaction type:** Was it a purchase, transfer, or something else?
* **Merchant/Recipient:**  Was the transaction with a known and trusted entity, or an unusual one?
* **Account history:**  What are the previous transactions for this account?
* **Location data:** Where was the transaction initiated? Does it align with the account holder's usual activity?
* **Customer behavior:** Does the amount align with the account holder's typical spending habits?


In short, the large transaction amount compared to the average, combined with the negative anomaly score, strongly suggests that further investigation into transaction 1005 is warranted.
"
